{
    "0": {
        "min": -2.92201504816296,
        "max": 2.266127685523607,
        "mean": 0.0,
        "median": 0.2026618255346315
    },
    "1": {
        "min": -1.9724762351291596,
        "max": 7.67651381442082,
        "mean": -2.3092638912203257e-16,
        "median": 0.2542137763054511
    },
    "2": {
        "min": -2.342354397338323,
        "max": 1.3427655984742122,
        "mean": 3.1867841698840496e-14,
        "median": 0.4214855995210988
    },
    "3": {
        "min": -0.686243566496721,
        "max": 3.1262206918183955,
        "mean": 3.552713678800501e-17,
        "median": -0.686243566496721
    },
    "4": {
        "min": -0.380269421977175,
        "max": 4.433267565075673,
        "mean": -7.105427357601002e-17,
        "median": -0.380269421977175
    },
    "5": {
        "min": -1.6371957281494491,
        "max": 4.5889706570120925,
        "mean": 0.0,
        "median": -0.3201220697498923
    },
    "6": {
        "min": -1.1187738038915354,
        "max": 6.776473720536436,
        "mean": -1.0658141036401502e-16,
        "median": -0.2978302230460082
    },
    "7": {
        "min": -0.4619701755234022,
        "max": 12.985570959219524,
        "mean": 7.105427357601002e-17,
        "median": -0.301880400109796
    },
    "8": {
        "min": -14.478946001720528,
        "max": 2.7590273612029312,
        "mean": 5.861977570020827e-16,
        "median": 0.0401041178396096
    },
    "9": {
        "min": -0.7371811316206932,
        "max": 15.055121363081843,
        "mean": -4.4408920985006264e-17,
        "median": -0.062903047577214
    },
    "10": {
        "min": -3.4803462792741424,
        "max": 1.937825847316262,
        "mean": -1.7763568394002506e-16,
        "median": 0.0396226873203032
    },
    "11": {
        "min": -3.690182350175746,
        "max": 1.8299109185987428,
        "mean": -4.263256414560601e-16,
        "median": 0.1125485683133461
    },
    "12": {
        "min": -2.413880606129636,
        "max": 7.164853618407085,
        "mean": 3.552713678800501e-17,
        "median": -0.1181509159514136
    },
    "13": {
        "min": -3.138733339744212,
        "max": 3.881843555143799,
        "mean": -2.1316282072803005e-16,
        "median": 0.0740730358825045
    },
    "14": {
        "min": 0.0,
        "max": 1.0,
        "mean": 0.1175,
        "median": 0.0
    },
    "15": {
        "min": 0.0,
        "max": 1.0,
        "mean": 0.8825,
        "median": 1.0
    },
    "16": {
        "min": 0.0,
        "max": 1.0,
        "mean": 0.19,
        "median": 0.0
    },
    "17": {
        "min": 0.0,
        "max": 1.0,
        "mean": 0.81,
        "median": 1.0
    },
    "18": {
        "min": 0.0,
        "max": 1.0,
        "mean": 0.895,
        "median": 1.0
    },
    "19": {
        "min": 0.0,
        "max": 1.0,
        "mean": 0.105,
        "median": 0.0
    },
    "20": {
        "min": 0.0,
        "max": 1.0,
        "mean": 0.945,
        "median": 1.0
    },
    "21": {
        "min": 0.0,
        "max": 1.0,
        "mean": 0.055,
        "median": 0.0
    },
    "22": {
        "min": 0.0,
        "max": 1.0,
        "mean": 0.6325,
        "median": 1.0
    },
    "23": {
        "min": 0.0,
        "max": 1.0,
        "mean": 0.3675,
        "median": 0.0
    },
    "24": {
        "min": 0.0,
        "max": 1.0,
        "mean": 0.6575,
        "median": 1.0
    },
    "25": {
        "min": 0.0,
        "max": 1.0,
        "mean": 0.3425,
        "median": 0.0
    },
    "26": {
        "min": 0.0,
        "max": 1.0,
        "mean": 0.915,
        "median": 1.0
    },
    "27": {
        "min": 0.0,
        "max": 1.0,
        "mean": 0.085,
        "median": 0.0
    },
    "28": {
        "min": 0.0,
        "max": 1.0,
        "mean": 0.795,
        "median": 1.0
    },
    "29": {
        "min": 0.0,
        "max": 1.0,
        "mean": 0.205,
        "median": 0.0
    },
    "30": {
        "min": 0.0,
        "max": 1.0,
        "mean": 0.81,
        "median": 1.0
    },
    "31": {
        "min": 0.0,
        "max": 1.0,
        "mean": 0.19,
        "median": 0.0
    },
    "32": {
        "min": 0.0,
        "max": 1.0,
        "mean": 0.85,
        "median": 1.0
    },
    "33": {
        "min": 0.0,
        "max": 1.0,
        "mean": 0.15,
        "median": 0.0
    }
}